{
  "decision_threshold": -0.01,
  "decision_spectrum": {
    "min": -1.5897349700106465,
    "max": 1.5697562607533564
  },
  "high_score": 500.0,
  "best_strategy": [
    0.07735515625156697,
    0.47468436860223684,
    0.6028183996115525,
    0.7864324882704766
  ]
}