{
  "decision_threshold": 0.0772,
  "decision_spectrum": {
    "min": -1.7865694611964364,
    "max": 1.9410382789765992
  },
  "high_score": 500.0,
  "best_strategy": [
    0.11572040982591691,
    0.47128985528089473,
    0.7976799556099334,
    0.7190872043924778
  ]
}