{
  "decision_threshold": -0.1084,
  "decision_spectrum": {
    "min": -1.7865694611964364,
    "max": 1.5697562607533564
  },
  "high_score": 500.0,
  "best_strategy": [
    0.20302550597145463,
    0.9730670684220658,
    0.641824436872187,
    0.9934738331598105
  ]
}