{
  "decision_threshold": -0.01,
  "decision_spectrum": {
    "min": -1.5897349700106465,
    "max": 1.5697562607533564
  },
  "high_score": 500.0,
  "best_strategy": [
    0.056218419793755414,
    0.802536090400143,
    0.43090801490438313,
    0.9857393761375587
  ]
}